Format:,ppr
Teams:,12
Rounds:,15
Total drafts:,7726
Start date:,2026-08-18
End date:,2026-08-25

ADP,Overall,Name,Position,Team,Times Drafted,Std. Dev,High,Low,Bye
1.02,1.5,Jahmyr Gibbs,RB,DET,1954,0.7,1,4,6
1.02,2.1,Bijan Robinson,RB,ATL,1155,0.7,1,6,11
1.03,3.1,Puka Nacua,WR,LAR,302,0.9,1,6,11
1.04,3.8,Ja'Marr Chase,WR,CIN,2021,1.0,1,8,6
1.05,5.4,Jaxon Smith-Njigba,WR,SEA,1075,1.1,2,11,11
1.06,6.4,Amon-Ra St. Brown,WR,DET,1151,1.3,2,12,6
1.07,6.6,Christian McCaffrey,RB,SF,1596,1.6,2,12,8
1.07,7.5,Jonathan Taylor,RB,IND,1791,1.7,3,14,13
1.10,10.0,Drake London,WR,ATL,294,1.7,6,16,11
1.10,10.4,De'Von Achane,RB,MIA,808,1.9,5,18,6
1.11,10.7,CeeDee Lamb,WR,DAL,1337,1.9,6,18,14
1.12,11.7,Justin Jefferson,WR,MIN,1362,2.3,5,20,6
2.01,12.7,James Cook III,RB,BUF,2881,2.9,5,22,7
2.01,13.3,Chase Brown,RB,CIN,1776,2.5,6,20,6
2.03,14.8,Rashee Rice,WR,KC,248,2.2,9,22,5
2.03,15.1,Ashton Jeanty,RB,LV,1314,3.2,6,23,13
2.06,17.6,Derrick Henry,RB,BAL,1057,2.6,10,25,13
2.06,18.2,A.J. Brown,WR,NE,1530,3.2,9,29,11
2.07,19.5,Chris Olave,WR,NO,548,3.3,10,30,8
2.08,19.5,Saquon Barkley,RB,PHI,2624,3.3,10,31,10
2.09,20.6,George Pickens,WR,DAL,728,3.0,12,29,14
2.09,21.0,Nico Collins,WR,HOU,835,2.9,13,32,8
2.10,21.8,Kenneth Walker,RB,KC,2477,4.1,11,34,5
2.11,23.4,Omarion Hampton,RB,LAC,2287,4.3,12,37,7
3.02,25.7,Garrett Wilson,WR,NYJ,344,2.9,18,36,13
3.02,26.1,Zay Flowers,WR,BAL,448,3.0,18,37,13
3.03,27.3,Malik Nabers,WR,NYG,1618,3.4,18,40,8
3.04,27.7,Jeremiyah Love,RB,ARI,629,3.6,18,41,14
3.05,29.0,Trey McBride,TE,ARI,1058,4.7,16,44,14
3.06,29.8,DeVonta Smith,WR,PHI,1435,3.6,20,43,10
3.07,30.6,Josh Jacobs,RB,GB,650,3.6,21,40,11
3.08,31.6,Kyren Williams,RB,LAR,1308,4.3,20,44,11
3.08,32.2,Tetairoa McMillan,WR,CAR,562,3.7,22,43,5
3.10,34.2,Josh Allen,QB,BUF,1697,8.6,11,50,7
3.11,34.8,Emeka Egbuka,WR,TB,1711,4.0,24,50,10
3.11,35.3,Breece Hall,RB,NYJ,641,4.8,22,47,13
3.11,35.4,Brock Bowers,TE,LV,2597,7.3,16,52,13
3.12,36.5,Javonte Williams,RB,DAL,1548,4.5,24,50,14
4.01,36.8,Tee Higgins,WR,CIN,1087,4.9,24,52,6
4.01,37.1,Cam Skattebo,RB,NYG,541,5.0,24,56,8
4.02,37.8,Ladd McConkey,WR,LAC,2223,4.4,26,59,7
4.03,39.1,Travis Etienne Jr.,RB,NO,794,4.9,26,52,8
4.06,42.0,Davante Adams,WR,LAR,858,4.3,30,59,11
4.08,44.2,Jameson Williams,WR,DET,499,4.4,32,62,6
4.09,44.7,Bucky Irving,RB,TB,589,4.4,33,58,10
4.10,45.7,D'Andre Swift,RB,CHI,1145,4.4,34,58,10
4.10,46.0,Jaylen Waddle,WR,DEN,2202,5.5,31,71,10
4.11,46.9,Terry McLaurin,WR,WAS,925,4.7,34,66,7
4.12,48.5,DJ Moore,WR,BUF,2524,6.3,32,70,7
5.02,50.4,Quinshon Judkins,RB,CLE,810,5.1,37,64,11
5.04,51.8,Drake Maye,QB,NE,377,7.8,31,70,11
5.04,52.2,Bhayshul Tuten,RB,JAX,963,5.4,38,69,7
5.05,52.6,Rome Odunze,WR,CHI,1109,6.2,36,72,10
5.06,54.3,Mike Evans,WR,SF,1031,6.3,38,77,8
5.09,56.9,Lamar Jackson,QB,BAL,851,6.8,39,74,13
5.09,57.0,Colston Loveland,TE,CHI,1961,9.0,33,79,10
5.10,57.9,Joe Burrow,QB,CIN,739,7.4,38,77,6
5.10,58.3,Luther Burden III,WR,CHI,1338,7.8,38,83,10
5.10,58.4,Jaylen Warren,RB,PIT,253,6.1,43,74,9
5.10,58.4,David Montgomery,RB,HOU,1841,6.3,41,81,8
5.11,58.8,Christian Watson,WR,GB,1717,6.4,42,80,11
5.12,59.6,Courtland Sutton,WR,DEN,653,6.4,42,79,10
6.02,61.5,TreVeyon Henderson,RB,NE,715,6.5,44,81,11
6.05,64.5,DK Metcalf,WR,PIT,905,7.1,46,87,9
6.05,64.8,Parker Washington,WR,JAX,2020,7.5,45,87,7
6.06,65.5,Tyler Warren,TE,IND,1548,9.2,41,91,13
6.06,65.6,Dak Prescott,QB,DAL,562,7.8,45,96,14
6.06,65.8,Marvin Harrison Jr.,WR,ARI,1220,7.6,45,87,14
6.06,66.4,Rhamondre Stevenson,RB,NE,498,6.8,48,86,11
6.07,66.7,Alec Pierce,WR,IND,471,8.3,47,85,13
6.09,69.3,Tony Pollard,RB,TEN,409,6.7,51,90,9
6.12,72.2,Jayden Daniels,QB,WAS,571,11.3,42,113,7
7.01,72.5,Brian Thomas Jr.,WR,JAX,1113,7.6,52,92,7
7.03,74.5,Rico Dowdle,RB,PIT,509,7.5,54,98,9
7.03,74.8,Michael Pittman Jr.,WR,PIT,888,7.8,54,96,9
7.04,75.5,Kyle Pitts Sr.,TE,ATL,410,9.3,51,98,11
7.04,76.0,Michael Wilson,WR,ARI,1188,8.0,55,97,14
7.04,76.5,Jadarian Price,RB,SEA,2976,10.5,49,119,11
7.05,76.9,Matthew Stafford,QB,LAR,392,11.0,50,114,11
7.05,77.3,Carnell Tate,WR,TEN,1583,9.5,52,102,9
7.07,78.8,Jalen Hurts,QB,PHI,780,11.3,49,114,10
7.07,78.9,Harold Fannin Jr.,TE,CLE,205,7.4,59,109,11
7.07,79.0,Chuba Hubbard,RB,CAR,417,9.7,53,114,5
7.08,80.0,Chris Godwin Jr.,WR,TB,1421,8.3,58,101,10
7.11,83.2,Seattle Defense,DEF,SEA,234,8.2,61,100,11
8.02,85.9,Wan'Dale Robinson,WR,TEN,714,8.3,64,109,9
8.02,85.9,Josh Downs,WR,IND,1009,8.3,64,107,13
8.04,87.7,Jakobi Meyers,WR,JAX,386,7.1,69,104,7
8.04,88.0,Brock Purdy,QB,SF,269,12.1,56,120,8
8.04,88.1,Denver Defense,DEF,DEN,395,7.5,71,109,10
8.04,88.1,RJ Harvey,RB,DEN,637,12.6,55,120,10
8.05,88.5,J.K. Dobbins,RB,DEN,911,10.2,61,120,10
8.07,90.6,Caleb Williams,QB,CHI,1241,12.1,58,121,10
8.07,91.2,Trevor Lawrence,QB,JAX,1057,12.4,58,126,7
8.07,91.2,Stefon Diggs,WR,WAS,1230,8.8,68,112,7
8.08,91.5,Kenny Gainwell,RB,TB,705,10.2,64,120,10
8.11,95.0,Jayden Reed,WR,GB,590,8.4,73,120,11
8.12,96.3,Quentin Johnston,WR,LAC,842,9.1,72,119,7
9.01,97.4,Jordan Addison,WR,MIN,592,8.7,74,119,6
9.01,97.5,Jonathon Brooks,RB,CAR,2379,14.2,60,141,5
9.02,98.4,Houston Defense,DEF,HOU,848,9.3,74,124,8
9.04,99.8,Jared Goff,QB,DET,653,12.8,66,129,6
9.04,100.4,Tucker Kraft,TE,GB,1448,19.7,49,153,11
9.05,101.0,Dallas Goedert,TE,PHI,314,20.7,47,150,10
9.06,101.8,Aaron Jones Sr.,RB,MIN,481,12.4,69,141,6
9.06,101.8,Khalil Shakir,WR,BUF,348,8.5,79,127,7
9.06,102.1,Keon Coleman,WR,BUF,9,47.9,1,177,7
9.07,102.7,Patrick Mahomes,QB,KC,884,12.4,70,132,5
9.10,105.6,Xavier Worthy,WR,KC,569,8.0,84,122,5
9.10,105.9,Justin Herbert,QB,LAC,1448,14.1,69,140,7
9.10,106.2,Matthew Golden,WR,GB,826,8.9,82,127,11
9.11,106.7,Travis Kelce,TE,KC,340,20.8,52,150,5
9.11,106.7,Sam LaPorta,TE,DET,911,23.3,46,166,6
10.01,108.7,Kyle Monangai,RB,CHI,599,12.8,75,147,10
10.01,109.1,LA Rams Defense,DEF,LAR,672,11.1,80,158,11
10.01,109.4,Minnesota Defense,DEF,MIN,88,9.6,90,139,6
10.02,109.7,Deebo Samuel Sr.,WR,SF,637,10.6,82,142,8
10.03,111.2,Rachaad White,RB,WAS,605,13.8,75,148,7
10.04,111.9,Bo Nix,QB,DEN,756,13.4,77,142,10
10.06,114.3,Romeo Doubs,WR,NE,566,9.5,89,142,11
10.08,115.6,Jacory Croskey-Merritt,RB,WAS,1182,14.8,77,150,7
10.08,115.6,Makai Lemon,WR,PHI,863,10.7,87,147,10
10.08,116.4,Jaxson Dart,QB,NYG,463,11.9,85,140,8
10.09,116.7,George Kittle,TE,SF,897,19.7,65,160,8
10.09,117.4,Jordan Mason,RB,MIN,1649,16.0,75,150,6
11.01,120.9,KC Concepcion,WR,CLE,1314,10.8,92,148,11
11.01,121.4,Blake Corum,RB,LAR,1536,17.2,76,150,11
11.02,121.6,Jalen Coker,WR,CAR,471,9.9,95,145,5
11.06,126.1,Jerry Jeudy,WR,CLE,273,12.3,94,147,11
11.08,127.8,Mark Andrews,TE,BAL,436,18.8,78,170,13
11.09,128.6,Detroit Defense,DEF,DET,146,14.9,89,175,6
11.09,129.0,Rashid Shaheed,WR,SEA,490,11.6,98,149,11
11.09,129.2,Baker Mayfield,QB,TB,446,10.4,102,150,10
11.09,129.4,Brandon Aubrey,PK,DAL,2076,21.2,74,184,14
11.10,130.1,Tyjae Spears,RB,TEN,147,11.8,99,148,9
11.10,130.2,New England Defense,DEF,NE,380,15.2,90,179,11
11.10,130.3,Jayden Higgins,WR,HOU,155,9.9,104,150,8
11.12,131.8,Keenan Allen,WR,IND,240,12.4,99,153,13
11.12,132.0,Tre Tucker,WR,LV,287,9.1,108,151,13
12.01,132.7,Jake Ferguson,TE,DAL,436,17.4,87,170,14
12.01,133.0,Pittsburgh Defense,DEF,PIT,315,14.8,95,180,9
12.01,133.3,Kyler Murray,QB,MIN,650,12.7,100,166,6
12.02,134.0,Tyler Shough,QB,NO,298,13.1,99,154,8
12.02,134.2,Zach Charbonnet,RB,SEA,548,15.5,93,173,11
12.04,135.7,De'Zhaun Stribling,WR,SF,1459,17.3,90,180,8
12.04,135.8,Jalen McMillan,WR,TB,181,10.7,108,153,10
12.04,136.0,David Njoku,TE,LAC,5,28.9,102,177,7
12.05,136.6,Isaiah Likely,TE,NYG,1361,17.8,90,174,8
12.07,138.6,Jason Myers,PK,SEA,182,19.4,88,185,11
12.07,138.6,Denzel Boston,WR,CLE,135,14.5,100,166,11
12.07,139.0,Jordan James,RB,SF,5,19.1,126,172,8
12.08,139.8,Jordyn Tyson,WR,NO,362,25.5,73,180,8
12.08,139.9,Philadelphia Defense,DEF,PHI,779,16.6,96,180,10
12.08,140.0,Ka'imi Fairbairn,PK,HOU,180,18.1,92,185,8
12.09,140.9,LA Chargers Defense,DEF,LAC,613,14.8,102,180,7
12.09,140.9,Woody Marks,RB,HOU,363,15.3,101,177,8
12.10,142.1,San Francisco Defense,DEF,SF,8,28.1,80,178,8
12.10,142.4,Sam Darnold,QB,SEA,243,14.2,105,178,11
12.11,142.6,Cameron Dicker,PK,LAC,316,18.3,94,187,7
12.11,142.9,Calvin Ridley,WR,TEN,88,11.8,112,169,9
12.11,143.5,Juwan Johnson,TE,NO,374,21.3,91,180,8
13.01,145.3,Alvin Kamara,RB,NO,329,23.0,85,179,8
13.03,146.8,Jordan Love,QB,GB,373,13.5,111,177,11
13.03,146.9,Emari Demercado,RB,KC,9,14.2,137,184,5
13.04,147.7,Jake Bates,PK,DET,182,18.6,103,190,6
13.04,148.2,Jauan Jennings,WR,MIN,73,9.7,125,171,6
13.04,148.2,Mike Washington Jr.,RB,LV,162,25.6,81,209,13
13.04,148.4,Harrison Mevis,PK,LAR,132,17.2,111,194,11
13.05,148.7,Malik Washington,WR,MIA,262,13.4,113,179,6
13.05,148.9,Dalton Kincaid,TE,BUF,331,21.4,93,196,7
13.06,149.6,Will Levis,QB,TEN,5,12.5,144,172,9
13.06,150.2,Cyrus Allen,WR,KC,44,24.2,87,204,5
13.07,150.6,Cooper Kupp,WR,SEA,128,18.4,102,180,11
13.08,151.6,Rashod Bateman,WR,BAL,42,14.9,115,180,13
13.09,152.7,Chase McLaughlin,PK,TB,145,17.8,106,194,10
13.09,153.2,Kimani Vidal,RB,LAC,6,12.6,142,174,7
13.09,153.3,Oronde Gadsden,TE,LAC,9,24.3,116,176,7
13.09,153.3,Tyler Allgeier,RB,ARI,328,21.9,96,205,14
13.09,153.4,Jonah Coleman,RB,DEN,106,17.6,117,192,10
13.09,153.4,Hunter Henry,TE,NE,96,24.7,91,188,11
13.10,153.9,Isiah Pacheco,RB,DET,245,19.3,103,180,6
13.10,154.0,Cam Little,PK,JAX,434,17.7,110,199,7
13.10,154.3,Joey Slye,PK,TEN,9,12.6,148,178,9
13.11,154.6,MarShawn Lloyd,RB,GB,43,21.9,105,200,11
13.11,154.6,Tyler Loop,PK,BAL,186,15.0,115,180,13
13.11,154.6,Tyrone Tracy Jr.,RB,NYG,163,17.9,108,180,8
13.11,155.4,Jalen Nailor,WR,LV,137,15.9,113,180,13
13.12,155.7,Green Bay Defense,DEF,GB,25,18.3,128,204,11
13.12,155.8,Tampa Bay Defense,DEF,TB,5,32.9,120,205,10
13.12,156.3,Chig Okonkwo,TE,WAS,23,15.2,136,187,7
13.12,156.5,Tank Dell,WR,HOU,302,15.8,115,180,8
14.01,156.6,Pat Bryant,WR,DEN,10,25.6,131,194,10
14.01,156.7,AJ Barner,TE,SEA,12,26.4,117,204,11
14.01,156.9,Malachi Fields,WR,NYG,14,28.4,108,209,8
14.01,157.0,Chris Boswell,PK,PIT,51,17.4,111,203,9
14.01,157.1,Ja'Kobi Lane,WR,BAL,117,19.8,105,208,13
14.01,157.2,Chris Rodriguez Jr.,RB,JAX,208,19.5,106,194,7
14.01,157.4,Jacksonville Defense,DEF,JAX,721,14.7,119,208,7
14.02,157.7,Dylan Sampson,RB,CLE,90,15.3,117,180,11
14.02,157.7,Keaton Mitchell,RB,LAC,103,20.4,104,207,7
14.02,158.0,Tyler Bass,PK,BUF,13,24.9,110,210,7
14.02,158.1,C.J. Stroud,QB,HOU,156,15.5,117,180,8
14.03,158.6,Cleveland Defense,DEF,CLE,473,13.3,123,198,11
14.03,159.2,Braelon Allen,RB,NYJ,91,20.9,104,204,13
14.04,159.6,Tank Bigsby,RB,PHI,118,21.0,111,208,10
14.04,159.7,Ryan Flournoy,WR,DAL,30,28.1,86,200,14
14.04,160.0,Kenyon Sadiq,TE,NYJ,32,16.5,124,187,13
14.04,160.2,Terrance Ferguson,TE,LAR,23,12.3,134,174,11
14.04,160.4,Ray Davis,RB,BUF,12,20.2,123,177,7
14.04,160.5,Wil Lutz,PK,DEN,177,16.4,120,207,10
14.05,160.6,Buffalo Defense,DEF,BUF,621,15.3,120,203,7
14.05,160.7,Daniel Jones,QB,IND,203,12.3,128,180,13
14.05,161.0,Antonio Williams,WR,WAS,6,13.2,145,175,7
14.05,161.0,Blake Grupe,PK,IND,78,16.7,135,210,13
14.05,161.3,Malik Davis,RB,DAL,6,27.5,111,192,14
14.06,161.7,Trey Smack,PK,GB,19,21.8,123,205,11
14.06,161.9,Bryce Young,QB,CAR,27,19.5,120,192,5
14.06,162.2,Harrison Butker,PK,KC,205,17.3,117,210,5
14.06,162.2,Will Reichard,PK,MIN,136,17.3,117,204,6
14.07,162.7,Brenton Strange,TE,JAX,84,20.2,111,204,7
14.07,162.7,Devaughn Vele,WR,NO,15,17.6,133,204,8
14.07,162.8,Jaylin Noel,WR,HOU,27,13.7,134,194,8
14.07,162.8,Isaac TeSlaa,WR,DET,9,37.7,77,206,6
14.07,162.8,Malik Willis,QB,MIA,206,14.0,126,197,6
14.07,163.0,Emmett Johnson,RB,KC,7,10.0,147,176,5
14.07,163.0,Dalton Schultz,TE,HOU,50,19.7,111,193,8
14.07,163.2,Kaelon Black,RB,SF,32,25.4,112,206,8
14.07,163.4,Adonai Mitchell,WR,NYJ,75,13.9,127,181,13
14.08,163.6,Najee Harris,RB,NYG,5,17.7,144,187,8
14.08,164.0,Fernando Mendoza,QB,LV,21,28.3,120,207,13
14.08,164.1,Brian Robinson,RB,ATL,36,24.9,118,206,11
14.09,165.3,Baltimore Defense,DEF,BAL,285,19.8,113,209,13
14.09,165.5,Omar Cooper Jr.,WR,NYJ,11,36.1,72,205,13
14.10,166.1,Cairo Santos,PK,CHI,43,18.3,135,210,10
14.10,166.5,Kayshon Boutte,WR,HOU,64,19.3,116,209,8
14.11,166.7,Dontayvion Wicks,WR,PHI,103,19.2,116,209,10
14.11,166.8,T.J. Hockenson,TE,MIN,47,21.4,113,207,6
14.11,167.2,Eddy Piñeiro,PK,SF,73,15.9,125,206,8
14.11,167.3,Dallas Defense,DEF,DAL,52,22.3,123,208,14
14.12,167.6,Jaydon Blue,RB,DAL,14,13.2,155,202,14
14.12,167.8,Bub Means,WR,NO,5,32.8,115,200,8
14.12,167.9,Germie Bernard,WR,PIT,33,10.7,143,198,9
14.12,168.1,Tre' Harris,WR,LAC,16,27.1,102,206,7
14.12,168.3,Andy Borregales,PK,NE,15,22.2,124,206,11
14.12,168.4,Cam Ward,QB,TEN,44,12.7,141,196,9
14.12,168.4,Justice Hill,RB,BAL,25,12.2,136,192,13
15.01,168.6,Jacoby Brissett,QB,ARI,21,19.3,118,193,14
15.01,169.1,James Conner,RB,ARI,19,13.4,141,194,14
15.01,169.1,NY Giants Defense,DEF,NYG,20,20.1,136,209,8
15.01,169.2,Aaron Rodgers,QB,PIT,23,32.7,84,209,9
15.01,169.4,Travis Hunter,WR,JAX,61,11.8,138,196,7
15.03,170.8,Chicago Defense,DEF,CHI,25,21.3,140,210,10
15.03,170.8,Evan McPherson,PK,CIN,99,15.2,137,206,6
15.03,171.1,Tennessee Defense,DEF,TEN,141,11.2,141,206,9
15.03,171.5,Nick Folk,PK,ATL,22,30.1,93,204,11
15.04,172.2,Kaden Wetjen,WR,PIT,41,4.0,163,178,9
15.04,172.5,Xavier Hutchinson,WR,HOU,6,23.9,133,198,8
15.05,172.7,New Orleans Defense,DEF,NO,98,15.2,135,208,8
15.05,172.8,Caleb Douglas,WR,MIA,53,18.8,132,208,6
15.09,176.6,Xavier Legette,WR,CAR,8,23.7,123,200,5
15.09,177.2,Troy Franklin,WR,DEN,14,19.6,141,206,10
15.10,178.4,Atlanta Defense,DEF,ATL,65,20.5,125,210,11
15.11,178.9,Darius Slayton,WR,NYG,10,11.0,166,200,8
15.11,179.2,Ty Johnson,RB,BUF,12,22.7,145,209,7
15.12,180.2,Geno Smith,QB,NYJ,5,9.9,173,197,13
16.01,181.5,Cincinnati Defense,DEF,CIN,41,36.0,87,210,6
16.02,181.6,Dominic Zvada,PK,NYG,5,12.3,168,197,8
16.03,183.0,Greg Dulcich,TE,MIA,23,22.9,123,210,6
16.05,185.0,Pat Freiermuth,TE,PIT,6,28.4,144,210,9
16.09,189.4,Washington Defense,DEF,WAS,9,31.1,116,210,7
