Rank,Player,Team,Position,Bye,ADP
1,Jahmyr Gibbs,DET,RB,6,1.3
2,Bijan Robinson,ATL,RB,11,2.4
3,Ja'Marr Chase,CIN,WR,6,4.3
4,Puka Nacua,LAR,WR,11,5.3
5,Jonathan Taylor,IND,RB,13,6.2
6,Jaxon Smith-Njigba,SEA,WR,11,6.3
7,Christian McCaffrey,SF,RB,8,7.7
8,Amon-Ra St. Brown,DET,WR,6,8.4
9,James Cook III,BUF,RB,7,10.1
10,CeeDee Lamb,DAL,WR,14,11.8
11,Justin Jefferson,MIN,WR,6,12.6
12,De'Von Achane,MIA,RB,6,12.6
13,Omarion Hampton,LAC,RB,7,18.0
14,Chase Brown,CIN,RB,6,17.1
15,Saquon Barkley,PHI,RB,10,14.0
16,Derrick Henry,BAL,RB,13,16.5
17,Ashton Jeanty,LV,RB,13,21.8
18,Drake London,ATL,WR,11,20.4
19,Jeremiyah Love,ARI,RB,14,25.9
20,A.J. Brown,NE,WR,11,21.0
21,Trey McBride,ARI,TE,14,23.1
22,Brock Bowers,LV,TE,13,23.9
23,Nico Collins,HOU,WR,8,25.7
24,Chris Olave,NO,WR,8,29.4
25,Rashee Rice,KC,WR,5,29.4
26,Josh Allen,BUF,QB,7,19.1
27,George Pickens,DAL,WR,14,28.2
28,Kenneth Walker III,KC,RB,5,24.8
29,Garrett Wilson,NYJ,WR,13,37.1
30,Breece Hall,NYJ,RB,13,36.0
31,Javonte Williams,DAL,RB,14,32.6
32,Kyren Williams,LAR,RB,11,34.8
33,Malik Nabers,NYG,WR,8,35.1
34,DeVonta Smith,PHI,WR,10,36.5
35,Travis Etienne Jr.,NO,RB,8,40.4
36,Tetairoa McMillan,CAR,WR,5,42.3
37,Zay Flowers,BAL,WR,13,44.0
38,Emeka Egbuka,TB,WR,10,44.9
39,Quinshon Judkins,CLE,RB,11,48.4
40,Ladd McConkey,LAC,WR,7,45.8
41,Tee Higgins,CIN,WR,6,51.3
42,Colston Loveland,CHI,TE,10,42.3
43,Lamar Jackson,BAL,QB,13,34.4
44,Davante Adams,LAR,WR,11,46.1
45,Cam Skattebo,NYG,RB,8,45.0
46,D'Andre Swift,CHI,RB,10,51.8
47,Bhayshul Tuten,JAX,RB,7,61.2
48,Jaylen Waddle,DEN,WR,10,52.2
49,Bucky Irving,TB,RB,10,56.7
50,Terry McLaurin,WAS,WR,7,60.9
51,DJ Moore,BUF,WR,7,59.8
52,Tyler Warren,IND,TE,13,52.0
53,Jameson Williams,DET,WR,6,64.1
54,Rome Odunze,CHI,WR,10,65.4
55,Jayden Daniels,WAS,QB,7,53.1
56,Drake Maye,NE,QB,11,47.1
57,David Montgomery,HOU,RB,8,61.4
58,Jadarian Price,SEA,RB,11,66.6
59,Luther Burden III,CHI,WR,10,74.8
60,TreVeyon Henderson,NE,RB,11,77.3
61,Carnell Tate,TEN,WR,9,78.2
62,Mike Evans,SF,WR,8,83.7
63,Marvin Harrison Jr.,ARI,WR,14,78.7
64,Joe Burrow,CIN,QB,6,53.5
65,Rhamondre Stevenson,NE,RB,11,78.0
66,Jalen Hurts,PHI,QB,10,54.7
67,Michael Pittman Jr.,PIT,WR,9,89.7
68,Tony Pollard,TEN,RB,9,87.0
69,Harold Fannin Jr.,CLE,TE,11,70.5
70,Kyle Pitts Sr.,ATL,TE,11,68.7
71,DK Metcalf,PIT,WR,9,85.3
72,George Kittle,SF,TE,8,72.4
73,Courtland Sutton,DEN,WR,10,81.3
74,Christian Watson,GB,WR,11,88.5
75,Dak Prescott,DAL,QB,14,71.8
76,Parker Washington,JAX,WR,7,89.7
77,Jaylen Warren,PIT,RB,9,86.3
78,Sam LaPorta,DET,TE,6,74.2
79,Kenny Gainwell,TB,RB,10,99.9
80,Jaxson Dart,NYG,QB,8,83.2
81,Josh Jacobs,GB,RB,11,81.8
82,Wan'Dale Robinson,TEN,WR,9,112.7
83,Jonathon Brooks,CAR,RB,5,104.2
84,Justin Herbert,LAC,QB,7,85.4
85,Michael Wilson,ARI,WR,14,103.0
86,MarShawn Lloyd,GB,RB,11,111.9
87,Caleb Williams,CHI,QB,10,88.3
88,Rico Dowdle,PIT,RB,9,95.3
89,Stefon Diggs,WAS,WR,7,101.9
90,Alec Pierce,IND,WR,13,107.7
91,Travis Hunter,JAX,WR,7,118.7
92,Tucker Kraft,GB,TE,11,91.0
93,Chuba Hubbard,CAR,RB,5,108.6
94,Jakobi Meyers,JAX,WR,7,122.4
95,Trevor Lawrence,JAX,QB,7,101.6
96,Aaron Jones Sr.,MIN,RB,6,114.4
97,Brian Thomas Jr.,JAX,WR,7,113.6
98,Brandon Aubrey,DAL,K,14,84.0
99,Brock Purdy,SF,QB,8,110.2
100,Rachaad White,WAS,RB,7,126.2
101,J.K. Dobbins,DEN,RB,10,111.5
102,Kyle Monangai,CHI,RB,10,123.9
103,Travis Kelce,KC,TE,5,94.5
104,Matthew Golden,GB,WR,11,113.3
105,Chris Godwin Jr.,TB,WR,10,122.2
106,Jordan Addison,MIN,WR,6,121.8
107,Josh Downs,IND,WR,13,136.7
108,Dallas Goedert,PHI,TE,10,103.0
109,RJ Harvey,DEN,RB,10,126.0
110,Patrick Mahomes,KC,QB,5,109.1
111,Khalil Shakir,BUF,WR,7,140.0
112,Blake Corum,LAR,RB,11,125.8
113,Bo Nix,DEN,QB,10,103.6
114,Matthew Stafford,LAR,QB,11,93.3
115,Jake Ferguson,DAL,TE,14,111.5
116,Makai Lemon,PHI,WR,10,133.0
117,Isaiah Likely,NYG,TE,8,122.2
118,Quentin Johnston,LAC,WR,7,131.1
119,Jacory Croskey-Merritt,WAS,RB,7,136.4
120,Jayden Reed,GB,WR,11,139.6
121,Mark Andrews,BAL,TE,13,126.5
122,De'Zhaun Stribling,SF,WR,8,138.3
123,Kyler Murray,MIN,QB,6,137.2
124,Xavier Worthy,KC,WR,5,130.9
125,Romeo Doubs,NE,WR,11,147.7
126,Jalen Coker,CAR,WR,5,154.3
127,Dalton Kincaid,BUF,TE,7,131.0
128,Tyjae Spears,TEN,RB,9,147.4
129,Cameron Dicker,LAC,K,7,112.3
130,Tyler Shough,NO,QB,8,152.4
131,Jordan Mason,MIN,RB,6,139.3
132,Deebo Samuel Sr.,SF,WR,8,143.9
133,Jared Goff,DET,QB,6,136.7
134,Woody Marks,HOU,RB,8,151.9
135,Jason Myers,SEA,K,11,114.8
136,KC Concepcion,CLE,WR,11,147.2
137,Jalen McMillan,TB,WR,10,163.6
138,Tank Dell,HOU,WR,8,164.8
139,Texans D/ST,HOU,DEF,8,93.1
140,Zach Charbonnet,SEA,RB,11,153.9
141,Rams HC,LAR,HC,11,107.1
142,Broncos D/ST,DEN,DEF,10,99.5
143,Jonah Coleman,DEN,RB,10,165.4
144,Baker Mayfield,TB,QB,10,146.6
145,Ka'imi Fairbairn,HOU,K,8,124.0
146,Isiah Pacheco,DET,RB,6,161.6
147,Seahawks HC,SEA,HC,11,124.9
148,Chris Rodriguez Jr.,JAX,RB,7,164.4
149,Harrison Mevis,LAR,K,11,134.3
150,Daniel Jones,IND,QB,13,160.4
151,Juwan Johnson,NO,TE,8,157.5
152,Alvin Kamara,NO,RB,8,162.0
153,Cowboys HC,DAL,HC,14,144.9
154,Tyler Allgeier,ARI,RB,14,163.0
155,Mike Washington Jr.,LV,RB,13,163.4
156,Dylan Sampson,CLE,RB,11,169.3
157,Hunter Henry,NE,TE,11,153.1
158,T.J. Hockenson,MIN,TE,6,152.9
159,Lions HC,DET,HC,6,136.2
160,Keaton Mitchell,LAC,RB,7,169.3
161,Keenan Allen,IND,WR,13,165.5
162,Samaje Perine,CIN,RB,6,171.1
163,Eddy Pineiro,SF,K,8,141.9
164,Jordan Love,GB,QB,11,155.3
165,Ravens HC,BAL,HC,13,147.2
166,Brian Robinson Jr.,ATL,RB,11,167.9
167,Terrance Ferguson,LAR,TE,11,168.5
168,Rashid Shaheed,SEA,WR,11,160.8
169,Denzel Boston,CLE,WR,11,169.2
170,Jerry Jeudy,CLE,WR,11,168.9
171,Bills HC,BUF,HC,7,145.2
172,Calvin Ridley,TEN,WR,9,169.0
173,Adonai Mitchell,NYJ,WR,13,171.3
174,Caleb Douglas,MIA,WR,6,170.9
175,Malik Willis,MIA,QB,6,167.6
176,Broncos HC,DEN,HC,10,156.4
177,Jordyn Tyson,NO,WR,8,168.1
178,Tre Tucker,LV,WR,13,169.4
179,Jalen Nailor,LV,WR,13,171.2
180,Braelon Allen,NYJ,RB,13,171.0
181,Tank Bigsby,PHI,RB,10,169.7
182,Eagles HC,PHI,HC,10,161.4
183,Kenyon Sadiq,NYJ,TE,13,165.4
184,Rashod Bateman,BAL,WR,13,171.5
185,Dontayvion Wicks,PHI,WR,10,171.0
186,Devaughn Vele,NO,WR,8,171.6
187,Jaylin Noel,HOU,WR,8,171.8
188,Ray Davis,BUF,RB,7,171.0
189,Najee Harris,NYG,RB,8,170.2
190,Steelers D/ST,PIT,DEF,9,122.6
191,Seahawks D/ST,SEA,DEF,11,113.4
192,Rams D/ST,LAR,DEF,11,101.2
193,Chargers HC,LAC,HC,7,171.4
194,Ravens D/ST,BAL,DEF,13,134.3
195,Eagles D/ST,PHI,DEF,10,138.2
196,Browns D/ST,CLE,DEF,11,158.5
197,Patriots D/ST,NE,DEF,11,154.0
198,Lions D/ST,DET,DEF,6,155.3
199,Chiefs D/ST,KC,DEF,5,166.5
200,Chargers D/ST,LAC,DEF,7,165.6
